name,tessellate,WKT
"Rotas de Park Shopping Campo Grande - Estrada do Monteiro - Campo Grande, Rio de Janeiro - RJ até Park Shopping Campo Grande - Estrada do Monteiro - Campo Grande, Rio de Janeiro - RJ","true","LINESTRING Z (-43.57399 -22.92818 0, -43.57408 -22.92825 0, -43.57418 -22.92833 0, -43.57419 -22.92834 0, -43.5742 -22.92835 0, -43.57423 -22.92837 0, -43.57426 -22.92839 0, -43.57429 -22.9284 0, -43.57431 -22.9284 0, -43.57434 -22.92841 0, -43.57437 -22.92841 0, -43.57444 -22.92841 0, -43.57448 -22.92842 0, -43.57452 -22.92842 0, -43.57461 -22.92845 0, -43.57462 -22.92845 0, -43.57464 -22.92845 0, -43.57465 -22.92845 0, -43.57468 -22.92843 0, -43.57469 -22.92843 0, -43.5747 -22.92842 0, -43.57471 -22.92839 0, -43.57474 -22.92832 0, -43.57477 -22.92825 0, -43.5748 -22.92819 0, -43.57481 -22.92819 0, -43.57486 -22.92812 0, -43.57491 -22.92808 0, -43.57503 -22.92798 0, -43.57515 -22.92789 0, -43.57527 -22.92779 0, -43.57539 -22.92769 0, -43.57558 -22.9275 0, -43.57566 -22.92741 0, -43.57579 -22.92724 0, -43.57581 -22.92722 0, -43.57583 -22.92721 0, -43.57585 -22.92719 0, -43.57588 -22.92717 0, -43.57593 -22.92716 0, -43.57608 -22.92709 0, -43.57623 -22.92703 0, -43.57639 -22.92697 0, -43.57656 -22.92691 0, -43.57663 -22.92688 0, -43.57671 -22.92684 0, -43.57686 -22.92678 0, -43.57693 -22.92676 0, -43.57702 -22.92672 0, -43.57718 -22.92666 0, -43.57723 -22.92664 0, -43.57737 -22.9266 0, -43.57738 -22.92656 0, -43.57741 -22.92652 0, -43.57743 -22.92647 0, -43.57744 -22.92645 0, -43.57744 -22.92643 0, -43.57746 -22.92638 0, -43.57747 -22.92632 0, -43.57747 -22.92629 0, -43.57746 -22.92626 0, -43.57746 -22.92624 0, -43.57745 -22.92621 0, -43.57743 -22.92618 0, -43.57738 -22.92613 0, -43.57731 -22.92607 0, -43.57725 -22.92604 0, -43.5772 -22.92603 0, -43.57716 -22.92602 0, -43.57712 -22.92601 0, -43.57689 -22.9255 0, -43.57693 -22.92548 0, -43.57695 -22.92548 0, -43.57698 -22.92547 0, -43.577 -22.92546 0, -43.57703 -22.92546 0, -43.57711 -22.92545 0, -43.57719 -22.92544 0, -43.57716 -22.92536 0, -43.57702 -22.92504 0, -43.5768 -22.92456 0, -43.57672 -22.9244 0, -43.57629 -22.92458 0, -43.57615 -22.92464 0, -43.5761 -22.92465 0, -43.57608 -22.92466 0, -43.57606 -22.92465 0, -43.57603 -22.92465 0, -43.57601 -22.92463 0, -43.57574 -22.92444 0, -43.57561 -22.92434 0, -43.57547 -22.92423 0, -43.57507 -22.92467 0, -43.57477 -22.92498 0, -43.57448 -22.92526 0, -43.57421 -22.92555 0, -43.57421 -22.92556 0, -43.57358 -22.92624 0, -43.57344 -22.92638 0, -43.57325 -22.92658 0, -43.57298 -22.92686 0, -43.57283 -22.92702 0, -43.57275 -22.92711 0, -43.57254 -22.92732 0, -43.57245 -22.92739 0, -43.57241 -22.92739 0, -43.57238 -22.92738 0, -43.57236 -22.92738 0, -43.57233 -22.92738 0, -43.57172 -22.92649 0, -43.57167 -22.92642 0, -43.57161 -22.92634 0, -43.57139 -22.926 0, -43.57132 -22.92591 0, -43.57123 -22.92579 0, -43.57117 -22.92572 0, -43.57109 -22.92564 0, -43.57093 -22.92551 0, -43.57081 -22.92543 0, -43.57055 -22.92527 0, -43.5703 -22.92512 0, -43.57016 -22.92503 0, -43.56987 -22.92486 0, -43.56944 -22.92461 0, -43.56901 -22.92434 0, -43.56882 -22.92422 0, -43.56867 -22.92413 0, -43.56856 -22.92406 0, -43.56847 -22.92401 0, -43.56835 -22.92397 0, -43.56831 -22.92396 0, -43.56827 -22.92395 0, -43.56823 -22.92394 0, -43.56806 -22.92392 0, -43.56777 -22.92387 0, -43.5677 -22.92385 0, -43.56753 -22.92381 0, -43.56733 -22.92375 0, -43.56712 -22.9237 0, -43.56679 -22.92361 0, -43.56672 -22.92359 0, -43.56669 -22.92358 0, -43.56654 -22.92353 0, -43.56647 -22.9235 0, -43.56645 -22.92349 0, -43.56632 -22.92345 0, -43.56621 -22.9234 0, -43.56615 -22.92338 0, -43.56611 -22.92336 0, -43.56597 -22.92331 0, -43.56601 -22.92386 0, -43.56603 -22.92414 0, -43.56606 -22.9245 0, -43.56611 -22.92493 0, -43.56613 -22.9251 0, -43.56618 -22.92554 0, -43.56622 -22.92594 0, -43.56623 -22.92607 0, -43.56624 -22.92616 0, -43.56628 -22.92655 0, -43.56634 -22.92708 0, -43.56637 -22.9273 0, -43.5664 -22.92773 0, -43.56645 -22.92818 0, -43.56591 -22.92822 0, -43.56584 -22.92823 0, -43.56579 -22.92824 0, -43.5657 -22.92828 0, -43.56565 -22.92833 0, -43.5656 -22.92837 0, -43.56557 -22.92842 0, -43.56553 -22.92851 0, -43.56544 -22.92889 0, -43.56542 -22.92895 0, -43.56542 -22.92897 0, -43.56541 -22.92898 0, -43.5654 -22.92899 0, -43.56539 -22.929 0, -43.56538 -22.929 0, -43.56537 -22.92901 0, -43.56536 -22.92901 0, -43.56534 -22.92901 0, -43.56533 -22.92899 0, -43.56531 -22.92898 0, -43.56528 -22.92894 0, -43.56517 -22.92875 0, -43.56467 -22.92793 0, -43.56459 -22.92797 0, -43.56441 -22.92806 0, -43.56426 -22.92813 0, -43.56417 -22.92818 0, -43.56403 -22.92797 0, -43.56399 -22.92789 0, -43.5639 -22.92772 0, -43.56385 -22.92763 0, -43.56377 -22.92748 0, -43.56372 -22.92739 0, -43.56364 -22.92726 0, -43.56351 -22.92705 0, -43.56346 -22.92699 0, -43.56334 -22.92688 0, -43.5633 -22.92683 0, -43.56325 -22.92679 0, -43.56316 -22.92672 0, -43.56311 -22.92669 0, -43.56304 -22.92665 0, -43.56296 -22.92661 0, -43.56288 -22.92656 0, -43.56284 -22.92655 0, -43.5628 -22.92654 0, -43.56275 -22.92653 0, -43.56242 -22.92651 0, -43.56207 -22.9265 0, -43.56169 -22.92647 0, -43.56185 -22.92791 0, -43.56169 -22.92647 0, -43.56133 -22.92646 0, -43.56098 -22.92645 0, -43.56062 -22.92642 0, -43.56032 -22.92642 0, -43.56026 -22.92642 0, -43.56022 -22.92642 0, -43.5602 -22.92642 0, -43.56016 -22.92644 0, -43.56013 -22.92646 0, -43.5601 -22.92648 0, -43.56007 -22.92648 0, -43.56004 -22.92649 0, -43.56009 -22.92693 0, -43.56011 -22.92717 0, -43.56015 -22.92766 0, -43.55875 -22.9277 0, -43.55869 -22.9277 0, -43.55848 -22.92771 0, -43.55757 -22.92772 0, -43.55748 -22.92772 0, -43.55705 -22.92772 0, -43.55661 -22.92772 0, -43.5566 -22.92838 0, -43.55804 -22.92836 0, -43.55823 -22.92836 0, -43.55829 -22.92837 0, -43.55843 -22.92836 0, -43.55874 -22.92836 0, -43.55877 -22.92836 0, -43.55946 -22.92835 0, -43.56004 -22.92834 0, -43.56023 -22.92833 0, -43.56024 -22.9284 0, -43.56025 -22.92854 0, -43.56029 -22.9289 0, -43.56032 -22.92932 0, -43.56038 -22.92997 0, -43.56042 -22.93033 0, -43.56047 -22.9308 0, -43.56022 -22.93087 0, -43.55989 -22.93096 0, -43.55914 -22.93118 0, -43.55857 -22.93134 0, -43.55829 -22.93141 0, -43.55816 -22.93145 0, -43.55747 -22.93166 0, -43.55629 -22.93199 0, -43.55617 -22.9318 0, -43.55602 -22.9316 0, -43.5558 -22.93126 0, -43.55571 -22.93117 0, -43.55563 -22.93108 0, -43.55553 -22.931 0, -43.55516 -22.93069 0, -43.55513 -22.93068 0, -43.5551 -22.93066 0, -43.55507 -22.93065 0, -43.55495 -22.93064 0, -43.55498 -22.93054 0, -43.55497 -22.93045 0, -43.55496 -22.93029 0, -43.55496 -22.93003 0, -43.55496 -22.92985 0, -43.55496 -22.92963 0, -43.55496 -22.92961 0, -43.55495 -22.92944 0, -43.55495 -22.92942 0, -43.55494 -22.92929 0, -43.55494 -22.92928 0, -43.5549 -22.92903 0, -43.55483 -22.92878 0, -43.5547 -22.92845 0, -43.55467 -22.92838 0, -43.55459 -22.92823 0, -43.55448 -22.92805 0, -43.55436 -22.92787 0, -43.55434 -22.92784 0, -43.55428 -22.92775 0, -43.5542 -22.92767 0, -43.55414 -22.92759 0, -43.55386 -22.92728 0, -43.55369 -22.92708 0, -43.5535 -22.92685 0, -43.55321 -22.92652 0, -43.55294 -22.92619 0, -43.55286 -22.92609 0, -43.55258 -22.92576 0, -43.55251 -22.92569 0, -43.55243 -22.9256 0, -43.55237 -22.92552 0, -43.5523 -22.92543 0, -43.55221 -22.92531 0, -43.5523 -22.92543 0, -43.55237 -22.92552 0, -43.55243 -22.9256 0, -43.55251 -22.92569 0, -43.55258 -22.92576 0, -43.55286 -22.92609 0, -43.55294 -22.92619 0, -43.55321 -22.92652 0, -43.5535 -22.92685 0, -43.55369 -22.92708 0, -43.55386 -22.92728 0, -43.55414 -22.92759 0, -43.55429 -22.92752 0, -43.55451 -22.92747 0, -43.55462 -22.92743 0, -43.55472 -22.9274 0, -43.55479 -22.92739 0, -43.55489 -22.92738 0, -43.55496 -22.92736 0, -43.55512 -22.92731 0, -43.55579 -22.92711 0, -43.55598 -22.92704 0, -43.55609 -22.92699 0, -43.55624 -22.92691 0, -43.55635 -22.92684 0, -43.55644 -22.92679 0, -43.55648 -22.92675 0, -43.55653 -22.9267 0, -43.5566 -22.92664 0, -43.55663 -22.92661 0, -43.55692 -22.92627 0, -43.55716 -22.92601 0, -43.5573 -22.92585 0, -43.55738 -22.92577 0, -43.55745 -22.92571 0, -43.5575 -22.92566 0, -43.55757 -22.92561 0, -43.55762 -22.92558 0, -43.55767 -22.92556 0, -43.55772 -22.92554 0, -43.55777 -22.92552 0, -43.55785 -22.9255 0, -43.55794 -22.92549 0, -43.55803 -22.92548 0, -43.55829 -22.92547 0, -43.55858 -22.92546 0, -43.55881 -22.92545 0, -43.55887 -22.92544 0, -43.55916 -22.92544 0, -43.55948 -22.92543 0, -43.55995 -22.9254 0, -43.56015 -22.92532 0, -43.56032 -22.92526 0, -43.56051 -22.92519 0, -43.56136 -22.9248 0, -43.56147 -22.92474 0, -43.56152 -22.92472 0, -43.56157 -22.92469 0, -43.56162 -22.92467 0, -43.56166 -22.92464 0, -43.56171 -22.92461 0, -43.56177 -22.92457 0, -43.56184 -22.92451 0, -43.5619 -22.92445 0, -43.56196 -22.92439 0, -43.56204 -22.92432 0, -43.56214 -22.9242 0, -43.56235 -22.92393 0, -43.56237 -22.92389 0, -43.56239 -22.92386 0, -43.56244 -22.92376 0, -43.56249 -22.92363 0, -43.56253 -22.92351 0, -43.56257 -22.92339 0, -43.56259 -22.92329 0, -43.5626 -22.92323 0, -43.56261 -22.92315 0, -43.56268 -22.92268 0, -43.5627 -22.92263 0, -43.56275 -22.92223 0, -43.56278 -22.92207 0, -43.56279 -22.922 0, -43.56282 -22.92191 0, -43.56284 -22.92187 0, -43.56287 -22.92181 0, -43.56288 -22.92178 0, -43.56288 -22.92176 0, -43.5629 -22.92174 0, -43.56291 -22.9217 0, -43.56293 -22.92167 0, -43.56297 -22.92162 0, -43.563 -22.92158 0, -43.56302 -22.92155 0, -43.56305 -22.9215 0, -43.56309 -22.92145 0, -43.56312 -22.92141 0, -43.56319 -22.92136 0, -43.56323 -22.92135 0, -43.56331 -22.92132 0, -43.5634 -22.92129 0, -43.56344 -22.92135 0, -43.56345 -22.92136 0, -43.56348 -22.92139 0, -43.56351 -22.92141 0, -43.56356 -22.92145 0, -43.5636 -22.9215 0, -43.56366 -22.92154 0, -43.56374 -22.92161 0, -43.56383 -22.92168 0, -43.56388 -22.92172 0, -43.56396 -22.92179 0, -43.56404 -22.92186 0, -43.56418 -22.92197 0, -43.56424 -22.92205 0, -43.56437 -22.92218 0, -43.56449 -22.92233 0, -43.5646 -22.92245 0, -43.56464 -22.92249 0, -43.5647 -22.92255 0, -43.56473 -22.92258 0, -43.56477 -22.92263 0, -43.56481 -22.92267 0, -43.56484 -22.92269 0, -43.56487 -22.92272 0, -43.56491 -22.92275 0, -43.56498 -22.9228 0, -43.56505 -22.92285 0, -43.56517 -22.92292 0, -43.56522 -22.92295 0, -43.56527 -22.92297 0, -43.56535 -22.923 0, -43.56543 -22.92303 0, -43.56556 -22.92308 0, -43.56591 -22.92321 0, -43.56614 -22.9233 0, -43.56626 -22.92334 0, -43.56633 -22.92337 0, -43.56644 -22.92341 0, -43.56648 -22.92342 0, -43.56651 -22.92343 0, -43.56652 -22.92343 0, -43.56656 -22.92344 0, -43.56665 -22.92345 0, -43.56669 -22.92345 0, -43.56672 -22.92345 0, -43.56677 -22.92345 0, -43.5669 -22.92346 0, -43.56698 -22.92346 0, -43.56703 -22.92347 0, -43.56712 -22.92348 0, -43.56721 -22.9235 0, -43.56736 -22.92355 0, -43.56752 -22.9236 0, -43.56762 -22.92363 0, -43.56776 -22.92368 0, -43.5681 -22.92379 0, -43.56827 -22.92385 0, -43.56836 -22.92388 0, -43.56854 -22.92396 0, -43.56863 -22.92401 0, -43.56873 -22.92407 0, -43.5688 -22.92411 0, -43.56885 -22.92414 0, -43.56895 -22.92421 0, -43.56904 -22.92426 0, -43.56948 -22.92454 0, -43.56991 -22.9248 0, -43.5702 -22.92497 0, -43.57036 -22.92508 0, -43.57047 -22.92513 0, -43.57066 -22.92525 0, -43.57086 -22.92537 0, -43.57101 -22.92548 0, -43.57113 -22.92558 0, -43.57124 -22.92568 0, -43.5713 -22.92575 0, -43.57142 -22.92591 0, -43.57168 -22.92629 0, -43.57178 -22.92643 0, -43.57185 -22.92654 0, -43.57217 -22.92701 0, -43.57227 -22.92714 0, -43.57243 -22.92736 0, -43.57245 -22.92739 0, -43.57257 -22.92756 0, -43.57258 -22.92757 0, -43.57262 -22.92764 0, -43.5727 -22.92774 0, -43.57273 -22.92779 0, -43.57279 -22.92787 0, -43.57285 -22.92786 0, -43.57291 -22.92784 0, -43.57298 -22.92782 0, -43.57301 -22.92781 0, -43.57306 -22.92777 0, -43.57308 -22.92775 0, -43.57351 -22.9273 0, -43.57361 -22.92719 0, -43.57368 -22.9271 0, -43.57369 -22.92708 0, -43.57372 -22.92704 0, -43.57379 -22.92692 0, -43.57384 -22.92696 0, -43.57411 -22.9272 0, -43.574 -22.9273 0, -43.57391 -22.92738 0, -43.57383 -22.92745 0, -43.57371 -22.92755 0, -43.5736 -22.92765 0, -43.57349 -22.92776 0, -43.57353 -22.9278 0, -43.57356 -22.92783 0, -43.57368 -22.92792 0, -43.5738 -22.92803 0, -43.57391 -22.92812 0, -43.57399 -22.92818 0)"
"Park Shopping Campo Grande - Estrada do Monteiro - Campo Grande, Rio de Janeiro - RJ",,"POINT Z (-43.5739863 -22.928179 0)"
"Rua Seabra - Campo Grande, Rio de Janeiro - RJ",,"POINT Z (-43.5662819 -22.9265482 0)"
"Rua Cedro Rosa - Campo Grande, Rio de Janeiro - RJ",,"POINT Z (-43.5618503 -22.927912 0)"
"Rua Soldado Joaquim Lôbo - Campo Grande, Rio de Janeiro - RJ",,"POINT Z (-43.5584832 -22.9277071 0)"
"Rua Jornalista Gastão de Carvalho - Campo Grande, Rio de Janeiro - RJ",,"POINT Z (-43.5582919 -22.9314146 0)"
"Condomínio Life Resort 2 - Estrada da Cachamorra - Campo Grande, Rio de Janeiro - RJ",,"POINT Z (-43.5522121 -22.9253146 0)"
"Park Shopping Campo Grande - Estrada do Monteiro - Campo Grande, Rio de Janeiro - RJ",,"POINT Z (-43.5739863 -22.928179 0)"
"rota 2","true","LINESTRING Z (-43.57399 -22.92818 0, -43.57408 -22.92825 0, -43.57418 -22.92833 0, -43.57419 -22.92834 0, -43.5742 -22.92835 0, -43.57423 -22.92837 0, -43.57426 -22.92839 0, -43.57429 -22.9284 0, -43.57431 -22.9284 0, -43.57434 -22.92841 0, -43.57437 -22.92841 0, -43.57444 -22.92841 0, -43.57448 -22.92842 0, -43.57452 -22.92842 0, -43.57461 -22.92845 0, -43.57462 -22.92845 0, -43.57464 -22.92845 0, -43.57465 -22.92845 0, -43.57468 -22.92843 0, -43.57469 -22.92843 0, -43.5747 -22.92842 0, -43.57471 -22.92839 0, -43.57474 -22.92832 0, -43.57477 -22.92825 0, -43.5748 -22.92819 0, -43.57481 -22.92819 0, -43.57486 -22.92812 0, -43.57491 -22.92808 0, -43.57503 -22.92798 0, -43.57515 -22.92789 0, -43.57527 -22.92779 0, -43.57539 -22.92769 0, -43.57558 -22.9275 0, -43.57566 -22.92741 0, -43.57579 -22.92724 0, -43.57581 -22.92722 0, -43.57583 -22.92721 0, -43.57585 -22.92719 0, -43.57588 -22.92717 0, -43.57593 -22.92716 0, -43.57608 -22.92709 0, -43.57623 -22.92703 0, -43.57639 -22.92697 0, -43.57656 -22.92691 0, -43.57663 -22.92688 0, -43.57671 -22.92684 0, -43.57686 -22.92678 0, -43.57734 -22.92717 0, -43.57731 -22.92721 0, -43.57728 -22.92724 0, -43.57725 -22.92726 0, -43.5772 -22.92728 0, -43.57701 -22.92735 0, -43.57699 -22.92735 0, -43.57688 -22.92738 0, -43.57675 -22.92739 0, -43.57669 -22.92739 0, -43.57659 -22.92739 0, -43.57658 -22.92739 0, -43.57657 -22.92739 0, -43.57656 -22.9274 0, -43.57655 -22.92741 0, -43.57654 -22.92742 0, -43.57654 -22.92743 0, -43.57654 -22.92745 0, -43.57655 -22.92755 0, -43.57674 -22.92753 0, -43.57684 -22.92752 0, -43.57691 -22.9275 0, -43.57702 -22.92745 0, -43.57715 -22.92739 0, -43.57722 -22.92736 0, -43.5773 -22.92733 0, -43.57736 -22.92731 0, -43.57741 -22.9273 0, -43.57746 -22.9273 0, -43.57747 -22.92729 0, -43.57747 -22.92728 0, -43.57748 -22.92728 0, -43.57748 -22.92727 0, -43.57749 -22.92727 0, -43.57749 -22.92726 0, -43.5775 -22.92726 0, -43.57751 -22.92725 0, -43.57752 -22.92725 0, -43.57752 -22.92724 0, -43.57753 -22.92724 0, -43.57754 -22.92724 0, -43.57755 -22.92724 0, -43.57756 -22.92724 0, -43.57757 -22.92724 0, -43.57758 -22.92724 0, -43.57759 -22.92724 0, -43.5776 -22.92724 0, -43.5776 -22.92725 0, -43.57761 -22.92725 0, -43.57762 -22.92725 0, -43.57763 -22.92726 0, -43.57764 -22.92726 0, -43.57764 -22.92727 0, -43.57765 -22.92727 0, -43.57765 -22.92728 0, -43.57766 -22.92728 0, -43.57766 -22.92729 0, -43.57767 -22.92729 0, -43.57767 -22.92731 0, -43.57768 -22.92731 0, -43.57768 -22.92732 0, -43.57768 -22.92733 0, -43.57768 -22.92734 0, -43.57768 -22.92735 0, -43.57768 -22.92736 0, -43.57768 -22.92737 0, -43.57767 -22.92737 0, -43.57767 -22.92738 0, -43.57767 -22.92739 0, -43.57766 -22.92739 0, -43.57766 -22.9274 0, -43.57765 -22.92741 0, -43.57764 -22.92742 0, -43.57763 -22.92742 0, -43.57763 -22.92743 0, -43.57762 -22.92743 0, -43.57761 -22.92743 0, -43.57761 -22.92744 0, -43.5776 -22.92744 0, -43.57759 -22.92744 0, -43.57758 -22.92744 0, -43.57757 -22.92744 0, -43.57756 -22.92744 0, -43.57755 -22.92744 0, -43.57754 -22.92744 0, -43.57753 -22.92744 0, -43.57753 -22.92743 0, -43.57752 -22.92743 0, -43.57751 -22.92743 0, -43.5775 -22.92742 0, -43.57749 -22.92741 0, -43.57748 -22.92741 0, -43.57748 -22.9274 0, -43.57747 -22.92739 0, -43.57747 -22.92738 0, -43.57733 -22.9274 0, -43.57723 -22.92744 0, -43.57704 -22.92752 0, -43.57693 -22.92756 0, -43.5768 -22.92759 0, -43.57667 -22.92761 0, -43.57653 -22.92762 0, -43.57641 -22.92764 0, -43.57635 -22.92764 0, -43.5763 -22.92764 0, -43.57624 -22.92763 0, -43.57618 -22.92762 0, -43.5761 -22.9276 0, -43.576 -22.92758 0, -43.57597 -22.92757 0, -43.57595 -22.92757 0, -43.57591 -22.92758 0, -43.57587 -22.92759 0, -43.57585 -22.9276 0, -43.57583 -22.92762 0, -43.57579 -22.92767 0, -43.57575 -22.92778 0, -43.57563 -22.9281 0, -43.57543 -22.92864 0, -43.57538 -22.92875 0, -43.57536 -22.92879 0, -43.57532 -22.92884 0, -43.57532 -22.92886 0, -43.57531 -22.92887 0, -43.57531 -22.92888 0, -43.57531 -22.92889 0, -43.5753 -22.9289 0, -43.5753 -22.92891 0, -43.57529 -22.92891 0, -43.57529 -22.92892 0, -43.57528 -22.92892 0, -43.57528 -22.92893 0, -43.57527 -22.92894 0, -43.57526 -22.92894 0, -43.57526 -22.92895 0, -43.57525 -22.92895 0, -43.57524 -22.92895 0, -43.57523 -22.92896 0, -43.57522 -22.92896 0, -43.57521 -22.92896 0, -43.5752 -22.92897 0, -43.57519 -22.92897 0, -43.57518 -22.92897 0, -43.57517 -22.92897 0, -43.57515 -22.92897 0, -43.57514 -22.92897 0, -43.57512 -22.92897 0, -43.57511 -22.92897 0, -43.5751 -22.92896 0, -43.57508 -22.92896 0, -43.57507 -22.92896 0, -43.57506 -22.92895 0, -43.57505 -22.92895 0, -43.57503 -22.92893 0, -43.57473 -22.9289 0, -43.57453 -22.92888 0, -43.57419 -22.92883 0, -43.57414 -22.92883 0, -43.57408 -22.92882 0, -43.57405 -22.92882 0, -43.57404 -22.92882 0, -43.57403 -22.92882 0, -43.574 -22.92884 0, -43.57398 -22.92885 0, -43.57396 -22.92887 0, -43.57395 -22.92889 0, -43.57393 -22.92891 0, -43.57389 -22.92899 0, -43.57403 -22.9296 0, -43.57409 -22.92994 0, -43.57412 -22.9302 0, -43.5742 -22.93059 0, -43.57425 -22.93087 0, -43.5743 -22.93116 0, -43.57432 -22.93129 0, -43.57437 -22.93147 0, -43.57446 -22.93176 0, -43.57465 -22.93227 0, -43.57477 -22.9325 0, -43.57486 -22.93264 0, -43.57495 -22.93275 0, -43.57509 -22.93289 0, -43.57529 -22.9331 0, -43.57581 -22.93355 0, -43.57622 -22.9339 0, -43.57643 -22.9341 0, -43.5765 -22.93416 0, -43.57666 -22.93426 0, -43.57678 -22.93431 0, -43.57691 -22.93435 0, -43.57703 -22.93439 0, -43.5772 -22.93443 0, -43.57753 -22.9345 0, -43.57779 -22.93454 0, -43.57787 -22.93458 0, -43.57793 -22.93461 0, -43.57799 -22.93467 0, -43.57808 -22.93477 0, -43.57812 -22.93484 0, -43.57814 -22.93491 0, -43.5781 -22.93543 0, -43.57807 -22.93574 0, -43.57804 -22.93607 0, -43.57803 -22.93615 0, -43.57802 -22.93625 0, -43.57798 -22.93668 0, -43.57798 -22.93672 0, -43.57797 -22.93679 0, -43.57795 -22.93694 0, -43.57793 -22.93716 0, -43.57792 -22.93733 0, -43.57792 -22.93753 0, -43.57791 -22.93756 0, -43.5779 -22.93764 0, -43.57786 -22.93807 0, -43.5778 -22.93872 0, -43.57779 -22.93883 0, -43.57774 -22.93935 0, -43.57772 -22.93959 0, -43.5777 -22.93979 0, -43.57769 -22.93985 0, -43.57764 -22.94038 0, -43.57761 -22.94056 0, -43.57759 -22.94071 0, -43.57753 -22.94153 0, -43.57752 -22.94159 0, -43.57751 -22.94169 0, -43.57749 -22.94182 0, -43.57747 -22.94203 0, -43.57745 -22.94227 0, -43.57739 -22.94291 0, -43.57738 -22.94307 0, -43.57733 -22.94349 0, -43.5773 -22.94359 0, -43.57729 -22.94392 0, -43.57728 -22.94399 0, -43.57728 -22.94402 0, -43.57728 -22.94404 0, -43.57726 -22.94412 0, -43.57724 -22.94421 0, -43.57722 -22.94424 0, -43.5772 -22.94429 0, -43.57718 -22.94432 0, -43.57718 -22.94433 0, -43.57714 -22.94439 0, -43.57711 -22.94444 0, -43.57705 -22.94451 0, -43.5769 -22.94469 0, -43.57687 -22.94473 0, -43.57685 -22.94477 0, -43.57681 -22.94492 0, -43.57675 -22.94514 0, -43.57673 -22.94526 0, -43.5767 -22.94549 0, -43.57668 -22.94561 0, -43.57668 -22.94568 0, -43.57667 -22.94576 0, -43.57667 -22.94586 0, -43.57668 -22.94591 0, -43.57669 -22.94597 0, -43.57673 -22.94608 0, -43.57675 -22.94613 0, -43.57676 -22.94617 0, -43.57679 -22.94623 0, -43.5768 -22.94624 0, -43.57686 -22.94635 0, -43.57698 -22.94654 0, -43.57711 -22.94676 0, -43.57715 -22.94685 0, -43.57717 -22.9469 0, -43.57719 -22.94695 0, -43.5772 -22.947 0, -43.5772 -22.94705 0, -43.5772 -22.9471 0, -43.5772 -22.94712 0, -43.5772 -22.94717 0, -43.57719 -22.94726 0, -43.57711 -22.94782 0, -43.57702 -22.9484 0, -43.57698 -22.94868 0, -43.57697 -22.94874 0, -43.57695 -22.94878 0, -43.57694 -22.94882 0, -43.57691 -22.94888 0, -43.57688 -22.94896 0, -43.57677 -22.94914 0, -43.57673 -22.94921 0, -43.57666 -22.9493 0, -43.5766 -22.94937 0, -43.57651 -22.94945 0, -43.5762 -22.94972 0, -43.57614 -22.94978 0, -43.57608 -22.94984 0, -43.57604 -22.9499 0, -43.576 -22.94997 0, -43.57598 -22.95002 0, -43.57595 -22.95008 0, -43.57594 -22.95012 0, -43.57592 -22.95018 0, -43.5759 -22.95025 0, -43.57589 -22.95029 0, -43.57588 -22.95036 0, -43.57588 -22.95037 0, -43.57587 -22.95041 0, -43.57587 -22.95051 0, -43.57588 -22.95073 0, -43.57589 -22.95081 0, -43.5759 -22.95086 0, -43.57591 -22.95092 0, -43.57592 -22.95097 0, -43.57594 -22.95102 0, -43.57598 -22.95113 0, -43.57601 -22.95119 0, -43.57604 -22.95125 0, -43.57608 -22.95132 0, -43.57609 -22.95134 0, -43.57615 -22.95143 0, -43.57644 -22.95175 0, -43.57662 -22.95195 0, -43.5769 -22.95227 0, -43.57698 -22.9524 0, -43.57701 -22.95245 0, -43.57704 -22.9525 0, -43.57707 -22.95255 0, -43.5771 -22.95262 0, -43.57713 -22.95269 0, -43.57716 -22.95277 0, -43.57719 -22.95289 0, -43.57721 -22.95296 0, -43.57723 -22.95307 0, -43.57724 -22.95314 0, -43.57725 -22.95328 0, -43.57725 -22.95335 0, -43.57726 -22.95363 0, -43.57726 -22.9537 0, -43.57728 -22.9546 0, -43.57729 -22.95474 0, -43.57732 -22.95492 0, -43.57733 -22.955 0, -43.57736 -22.95508 0, -43.57739 -22.95518 0, -43.57741 -22.95522 0, -43.57749 -22.95539 0, -43.57753 -22.95548 0, -43.57759 -22.95557 0, -43.5776 -22.95558 0, -43.5777 -22.95572 0, -43.57776 -22.95578 0, -43.57783 -22.95585 0, -43.57781 -22.95591 0, -43.5778 -22.95594 0, -43.57779 -22.95596 0, -43.57778 -22.95597 0, -43.57777 -22.95599 0, -43.57776 -22.956 0, -43.57766 -22.95606 0, -43.5776 -22.95604 0, -43.57756 -22.95601 0, -43.57752 -22.95599 0, -43.57735 -22.95599 0, -43.57714 -22.95591 0, -43.57704 -22.95588 0, -43.5769 -22.95583 0, -43.57655 -22.95575 0, -43.57623 -22.95566 0, -43.57588 -22.95559 0, -43.57581 -22.95557 0, -43.57549 -22.95549 0, -43.57511 -22.9554 0, -43.57453 -22.95522 0, -43.57441 -22.95518 0, -43.57436 -22.95515 0, -43.5743 -22.95512 0, -43.57418 -22.95504 0, -43.57409 -22.95498 0, -43.57399 -22.9549 0, -43.5739 -22.95483 0, -43.57378 -22.95474 0, -43.57335 -22.95435 0, -43.57318 -22.95422 0, -43.57289 -22.95397 0, -43.57239 -22.95354 0, -43.57231 -22.95347 0, -43.57222 -22.9534 0, -43.5722 -22.95338 0, -43.57199 -22.95319 0, -43.57169 -22.95293 0, -43.57166 -22.9529 0, -43.57141 -22.9527 0, -43.57125 -22.95256 0, -43.57119 -22.9525 0, -43.57105 -22.95239 0, -43.57093 -22.9523 0, -43.57082 -22.95221 0, -43.57069 -22.95212 0, -43.57061 -22.95206 0, -43.57043 -22.95195 0, -43.57038 -22.95192 0, -43.57033 -22.9519 0, -43.57024 -22.95185 0, -43.57002 -22.95171 0, -43.56994 -22.95166 0, -43.56969 -22.95151 0, -43.56954 -22.95141 0, -43.56933 -22.95127 0, -43.56922 -22.95121 0, -43.56913 -22.95115 0, -43.56907 -22.95111 0, -43.56878 -22.95093 0, -43.56855 -22.9508 0, -43.56831 -22.95065 0, -43.5683 -22.95065 0, -43.56827 -22.95062 0, -43.56821 -22.95057 0, -43.56813 -22.95054 0, -43.56807 -22.95051 0, -43.56802 -22.95049 0, -43.56789 -22.95044 0, -43.5678 -22.95041 0, -43.56768 -22.95038 0, -43.5676 -22.95036 0, -43.56754 -22.95035 0, -43.56749 -22.95033 0, -43.56735 -22.95031 0, -43.56735 -22.9502 0, -43.56734 -22.95014 0, -43.56733 -22.95006 0, -43.56722 -22.94958 0, -43.56716 -22.94932 0, -43.56713 -22.94915 0, -43.56712 -22.94905 0, -43.56707 -22.9486 0, -43.56706 -22.94822 0, -43.56706 -22.94809 0, -43.56707 -22.94801 0, -43.56708 -22.94775 0, -43.56709 -22.94759 0, -43.5671 -22.94744 0, -43.56717 -22.94693 0, -43.5671 -22.94689 0, -43.56703 -22.94684 0, -43.56698 -22.9468 0, -43.56691 -22.94674 0, -43.56686 -22.94665 0, -43.56683 -22.94662 0, -43.56676 -22.9465 0, -43.56657 -22.94619 0, -43.56656 -22.94619 0, -43.56652 -22.94611 0, -43.56647 -22.94603 0, -43.56625 -22.94566 0, -43.56613 -22.94545 0, -43.566 -22.94522 0, -43.56589 -22.94504 0, -43.56586 -22.94498 0, -43.56585 -22.94496 0, -43.56582 -22.94494 0, -43.56578 -22.94492 0, -43.56572 -22.94491 0, -43.56571 -22.94491 0, -43.56566 -22.94492 0, -43.56545 -22.94503 0, -43.56543 -22.94515 0, -43.56542 -22.94519 0, -43.56541 -22.9452 0)"
"Park Shopping Campo Grande - Estrada do Monteiro - Campo Grande, Rio de Janeiro - RJ",,"POINT Z (-43.5739863 -22.928179 0)"
"Michelin campo grande - Guaratiba, Rio de Janeiro - RJ",,"POINT Z (-43.5654144 -22.9451966 0)"
"rota 3","true","LINESTRING Z (-43.57399 -22.92818 0, -43.57408 -22.92825 0, -43.57418 -22.92833 0, -43.57419 -22.92834 0, -43.5742 -22.92835 0, -43.57423 -22.92837 0, -43.57426 -22.92839 0, -43.57429 -22.9284 0, -43.57431 -22.9284 0, -43.57434 -22.92841 0, -43.57437 -22.92841 0, -43.57444 -22.92841 0, -43.57448 -22.92842 0, -43.57452 -22.92842 0, -43.57461 -22.92845 0, -43.57462 -22.92845 0, -43.57464 -22.92845 0, -43.57465 -22.92845 0, -43.57468 -22.92843 0, -43.57469 -22.92843 0, -43.5747 -22.92842 0, -43.57471 -22.92839 0, -43.57474 -22.92832 0, -43.57477 -22.92825 0, -43.5748 -22.92819 0, -43.57481 -22.92819 0, -43.57486 -22.92812 0, -43.57491 -22.92808 0, -43.57503 -22.92798 0, -43.57515 -22.92789 0, -43.57527 -22.92779 0, -43.57539 -22.92769 0, -43.57558 -22.9275 0, -43.57566 -22.92741 0, -43.57579 -22.92724 0, -43.57581 -22.92722 0, -43.57583 -22.92721 0, -43.57585 -22.92719 0, -43.57588 -22.92717 0, -43.57593 -22.92716 0, -43.57608 -22.92709 0, -43.57623 -22.92703 0, -43.57639 -22.92697 0, -43.57656 -22.92691 0, -43.57663 -22.92688 0, -43.57671 -22.92684 0, -43.57686 -22.92678 0, -43.57693 -22.92676 0, -43.57702 -22.92672 0, -43.57718 -22.92666 0, -43.57723 -22.92664 0, -43.57737 -22.9266 0, -43.57738 -22.92656 0, -43.57741 -22.92652 0, -43.57743 -22.92647 0, -43.57744 -22.92645 0, -43.57744 -22.92643 0, -43.57746 -22.92638 0, -43.57747 -22.92632 0, -43.57747 -22.92629 0, -43.57746 -22.92626 0, -43.57746 -22.92624 0, -43.57745 -22.92621 0, -43.57743 -22.92618 0, -43.57738 -22.92613 0, -43.57731 -22.92607 0, -43.57725 -22.92604 0, -43.5772 -22.92603 0, -43.57716 -22.92602 0, -43.57712 -22.92601 0, -43.57689 -22.9255 0, -43.57693 -22.92548 0, -43.57695 -22.92548 0, -43.57698 -22.92547 0, -43.577 -22.92546 0, -43.57703 -22.92546 0, -43.57711 -22.92545 0, -43.57719 -22.92544 0, -43.57716 -22.92536 0, -43.57702 -22.92504 0, -43.5768 -22.92456 0, -43.57672 -22.9244 0, -43.57629 -22.92458 0, -43.57615 -22.92464 0, -43.5761 -22.92465 0, -43.57608 -22.92466 0, -43.57606 -22.92465 0, -43.57603 -22.92465 0, -43.57601 -22.92463 0, -43.57574 -22.92444 0, -43.57561 -22.92434 0, -43.57547 -22.92423 0, -43.57507 -22.92467 0, -43.57477 -22.92498 0, -43.57448 -22.92526 0, -43.57421 -22.92555 0, -43.57421 -22.92556 0, -43.57358 -22.92624 0, -43.57344 -22.92638 0, -43.57325 -22.92658 0, -43.57298 -22.92686 0, -43.57283 -22.92702 0, -43.57275 -22.92711 0, -43.57254 -22.92732 0, -43.57245 -22.92739 0, -43.57241 -22.92739 0, -43.57238 -22.92738 0, -43.57236 -22.92738 0, -43.57233 -22.92738 0, -43.57172 -22.92649 0, -43.57167 -22.92642 0, -43.57161 -22.92634 0, -43.57139 -22.926 0, -43.57132 -22.92591 0, -43.57123 -22.92579 0, -43.57117 -22.92572 0, -43.57109 -22.92564 0, -43.57093 -22.92551 0, -43.57081 -22.92543 0, -43.57055 -22.92527 0, -43.5703 -22.92512 0, -43.57016 -22.92503 0, -43.56987 -22.92486 0, -43.56976 -22.9251 0, -43.56959 -22.92545 0, -43.56943 -22.92578 0, -43.56929 -22.92606 0, -43.56922 -22.92624 0, -43.56919 -22.92629 0, -43.56916 -22.92636 0, -43.5691 -22.92649 0, -43.56908 -22.92653 0, -43.5688 -22.92711 0, -43.56869 -22.92729 0, -43.5686 -22.92745 0, -43.56856 -22.92754 0, -43.56854 -22.92758 0, -43.56851 -22.92771 0, -43.56849 -22.92785 0, -43.56848 -22.9279 0, -43.56846 -22.92794 0, -43.56845 -22.92795 0, -43.56844 -22.92797 0, -43.56841 -22.92798 0, -43.56836 -22.928 0, -43.56831 -22.92802 0, -43.56825 -22.92802 0, -43.5682 -22.92803 0, -43.5677 -22.92807 0, -43.56732 -22.9281 0, -43.56669 -22.92816 0, -43.56645 -22.92818 0, -43.56591 -22.92822 0, -43.56584 -22.92823 0, -43.56579 -22.92824 0, -43.5657 -22.92828 0, -43.56565 -22.92833 0, -43.5656 -22.92837 0, -43.56557 -22.92842 0, -43.56553 -22.92851 0, -43.56544 -22.92889 0, -43.56542 -22.92895 0, -43.56542 -22.92897 0, -43.56541 -22.92898 0, -43.5654 -22.92899 0, -43.56539 -22.929 0, -43.56538 -22.929 0, -43.56537 -22.92901 0, -43.56536 -22.92901 0, -43.56534 -22.92901 0, -43.56533 -22.92899 0, -43.56531 -22.92898 0, -43.56528 -22.92894 0, -43.56517 -22.92875 0, -43.56467 -22.92793 0, -43.56459 -22.92797 0, -43.56441 -22.92806 0, -43.56426 -22.92813 0, -43.56417 -22.92818 0, -43.56421 -22.92826 0, -43.56429 -22.92839 0, -43.56436 -22.92851 0, -43.56446 -22.92868 0, -43.56416 -22.92866 0, -43.56352 -22.92863 0, -43.56278 -22.92857 0, -43.56214 -22.92852 0, -43.56155 -22.92848 0, -43.56145 -22.92847 0, -43.56118 -22.92845 0, -43.56085 -22.92843 0, -43.56024 -22.9284 0, -43.56025 -22.92854 0, -43.56029 -22.9289 0, -43.56032 -22.92932 0, -43.56038 -22.92997 0, -43.56042 -22.93033 0, -43.56047 -22.9308 0, -43.56022 -22.93087 0, -43.55989 -22.93096 0, -43.55914 -22.93118 0, -43.55857 -22.93134 0, -43.55829 -22.93141 0, -43.55816 -22.93145 0, -43.55747 -22.93166 0, -43.55629 -22.93199 0, -43.55617 -22.9318 0, -43.55602 -22.9316 0, -43.55591 -22.93171 0, -43.55588 -22.93173 0, -43.55585 -22.93178 0, -43.55581 -22.93183 0, -43.55554 -22.93226 0, -43.55547 -22.93215 0, -43.55541 -22.93202 0, -43.55537 -22.93193 0, -43.55532 -22.93185 0, -43.55526 -22.93173 0, -43.55526 -22.93172 0)"
"Park Shopping Campo Grande - Estrada do Monteiro - Campo Grande, Rio de Janeiro - RJ",,"POINT Z (-43.5739863 -22.928179 0)"
"Palace Hall - Estrada da Cachamorra - Campo Grande, Rio de Janeiro - RJ",,"POINT Z (-43.5552249 -22.9316427 0)"
"rota 4","true","LINESTRING Z (-43.57399 -22.92818 0, -43.57408 -22.92825 0, -43.57382 -22.92853 0, -43.57376 -22.92848 0, -43.5737 -22.92852 0, -43.57369 -22.92852 0, -43.57368 -22.92853 0, -43.57367 -22.92854 0, -43.57366 -22.92855 0, -43.57361 -22.92858 0, -43.57374 -22.92869 0, -43.57382 -22.92879 0, -43.57385 -22.92885 0, -43.57389 -22.92899 0, -43.57403 -22.9296 0, -43.57409 -22.92994 0, -43.57412 -22.9302 0, -43.57408 -22.93023 0, -43.57404 -22.93024 0, -43.574 -22.93025 0, -43.57398 -22.93023 0, -43.57395 -22.93004 0, -43.57387 -22.92969 0, -43.57379 -22.92937 0, -43.57373 -22.92909 0, -43.57361 -22.92882 0, -43.57356 -22.92876 0, -43.57352 -22.92872 0, -43.57346 -22.92865 0, -43.57333 -22.92853 0, -43.57323 -22.92845 0, -43.57309 -22.92834 0, -43.57306 -22.92832 0, -43.57296 -22.92823 0, -43.57287 -22.92814 0, -43.57279 -22.92805 0, -43.57267 -22.92787 0, -43.57253 -22.92767 0, -43.57245 -22.92753 0, -43.57237 -22.92742 0, -43.57233 -22.92738 0, -43.57172 -22.92649 0, -43.57167 -22.92642 0, -43.57161 -22.92634 0, -43.57139 -22.926 0, -43.57132 -22.92591 0, -43.57123 -22.92579 0, -43.57117 -22.92572 0, -43.57109 -22.92564 0, -43.57093 -22.92551 0, -43.57081 -22.92543 0, -43.57055 -22.92527 0, -43.5703 -22.92512 0, -43.57016 -22.92503 0, -43.56987 -22.92486 0, -43.56944 -22.92461 0, -43.56901 -22.92434 0, -43.56882 -22.92422 0, -43.56867 -22.92413 0, -43.56856 -22.92406 0, -43.56847 -22.92401 0, -43.56835 -22.92397 0, -43.56831 -22.92396 0, -43.56827 -22.92395 0, -43.56823 -22.92394 0, -43.56806 -22.92392 0, -43.56777 -22.92387 0, -43.5677 -22.92385 0, -43.56753 -22.92381 0, -43.56733 -22.92375 0, -43.56712 -22.9237 0, -43.56679 -22.92361 0, -43.56672 -22.92359 0, -43.56669 -22.92358 0, -43.56654 -22.92353 0, -43.56647 -22.9235 0, -43.56645 -22.92349 0, -43.56632 -22.92345 0, -43.56621 -22.9234 0, -43.56615 -22.92338 0, -43.56611 -22.92336 0, -43.56597 -22.92331 0, -43.56586 -22.92327 0, -43.5657 -22.92322 0, -43.56552 -22.92315 0, -43.56549 -22.92314 0, -43.56529 -22.92306 0, -43.56524 -22.92304 0, -43.56519 -22.92302 0, -43.56512 -22.92299 0, -43.56507 -22.92296 0, -43.565 -22.92291 0, -43.56494 -22.92287 0, -43.56489 -22.92283 0, -43.56486 -22.92281 0, -43.56483 -22.92278 0, -43.56477 -22.92273 0, -43.5647 -22.92268 0, -43.56467 -22.92264 0, -43.56464 -22.92261 0, -43.56459 -22.92255 0, -43.56445 -22.9224 0, -43.56437 -22.92231 0, -43.5642 -22.92212 0, -43.56415 -22.92206 0, -43.56412 -22.92203 0, -43.56409 -22.922 0, -43.56406 -22.92198 0, -43.56403 -22.92196 0, -43.56401 -22.92194 0, -43.56389 -22.92184 0, -43.5637 -22.92168 0, -43.56365 -22.92163 0, -43.56358 -22.92156 0, -43.56344 -22.92144 0, -43.56339 -22.9214 0, -43.56335 -22.92136 0, -43.56331 -22.92132 0, -43.56323 -22.92135 0, -43.56319 -22.92136 0, -43.56312 -22.92141 0, -43.56309 -22.92145 0, -43.56305 -22.9215 0, -43.56302 -22.92155 0, -43.563 -22.92158 0, -43.56297 -22.92162 0, -43.56293 -22.92167 0, -43.56291 -22.9217 0, -43.5629 -22.92174 0, -43.56288 -22.92176 0, -43.56288 -22.92178 0, -43.56287 -22.92181 0, -43.56284 -22.92187 0, -43.56282 -22.92191 0, -43.56279 -22.922 0, -43.56278 -22.92207 0, -43.56275 -22.92223 0, -43.5627 -22.92263 0, -43.56268 -22.92268 0, -43.56261 -22.92315 0, -43.5626 -22.92323 0, -43.56259 -22.92329 0, -43.56257 -22.92339 0, -43.56253 -22.92351 0, -43.56249 -22.92363 0, -43.56244 -22.92376 0, -43.56239 -22.92386 0, -43.56237 -22.92389 0, -43.56235 -22.92393 0, -43.56214 -22.9242 0, -43.56204 -22.92432 0, -43.56196 -22.92439 0, -43.5619 -22.92445 0, -43.56184 -22.92451 0, -43.56177 -22.92457 0, -43.56171 -22.92461 0, -43.56166 -22.92464 0, -43.56162 -22.92467 0, -43.56157 -22.92469 0, -43.56152 -22.92472 0, -43.56147 -22.92474 0, -43.56136 -22.9248 0, -43.56051 -22.92519 0, -43.56032 -22.92526 0, -43.56015 -22.92532 0, -43.55995 -22.9254 0, -43.55948 -22.92543 0, -43.55916 -22.92544 0, -43.55887 -22.92544 0, -43.55881 -22.92545 0, -43.55858 -22.92546 0, -43.55829 -22.92547 0, -43.55803 -22.92548 0, -43.55794 -22.92549 0, -43.55785 -22.9255 0, -43.55777 -22.92552 0, -43.55772 -22.92554 0, -43.55767 -22.92556 0, -43.55762 -22.92558 0, -43.55757 -22.92561 0, -43.5575 -22.92566 0, -43.55745 -22.92571 0, -43.55738 -22.92577 0, -43.5573 -22.92585 0, -43.55716 -22.92601 0, -43.55692 -22.92627 0, -43.55663 -22.92661 0, -43.5566 -22.92664 0, -43.55653 -22.9267 0, -43.55648 -22.92675 0, -43.55644 -22.92679 0, -43.55635 -22.92684 0, -43.55624 -22.92691 0, -43.55609 -22.92699 0, -43.55598 -22.92704 0, -43.55579 -22.92711 0, -43.55512 -22.92731 0, -43.55496 -22.92736 0, -43.55489 -22.92738 0, -43.55485 -22.92742 0, -43.55481 -22.92744 0, -43.55474 -22.92747 0, -43.55471 -22.92748 0, -43.55462 -22.92753 0, -43.55449 -22.92762 0, -43.55439 -22.92768 0, -43.55428 -22.92775 0, -43.5542 -22.92767 0, -43.55364 -22.92796 0, -43.55345 -22.92806 0, -43.5532 -22.92818 0, -43.55311 -22.92822 0, -43.55307 -22.92823 0, -43.55302 -22.92824 0, -43.55299 -22.92824 0, -43.55295 -22.92824 0, -43.5529 -22.92824 0, -43.55284 -22.92822 0, -43.55277 -22.92818 0, -43.55274 -22.92816 0, -43.55272 -22.92814 0, -43.55271 -22.92813 0, -43.55248 -22.92775 0, -43.55247 -22.92773 0, -43.55244 -22.9277 0, -43.55241 -22.92767 0, -43.55237 -22.92763 0, -43.55233 -22.9276 0, -43.55227 -22.92757 0, -43.55215 -22.92753 0, -43.55206 -22.9275 0, -43.55198 -22.92749 0, -43.5519 -22.92748 0, -43.55184 -22.92749 0, -43.55183 -22.92749 0, -43.55179 -22.9275 0, -43.55173 -22.92752 0, -43.55166 -22.92756 0, -43.55161 -22.92759 0, -43.55156 -22.92764 0, -43.55152 -22.92769 0, -43.55151 -22.9277 0, -43.55145 -22.92777 0, -43.5514 -22.92783 0, -43.55134 -22.92788 0, -43.55126 -22.92794 0, -43.55116 -22.928 0, -43.55109 -22.92804 0, -43.55106 -22.92806 0, -43.55101 -22.92807 0, -43.55097 -22.92808 0, -43.55078 -22.92811 0, -43.55065 -22.92813 0, -43.55056 -22.92815 0, -43.55051 -22.92816 0, -43.55047 -22.92818 0, -43.55045 -22.9282 0, -43.55044 -22.92822 0, -43.55042 -22.92825 0, -43.55041 -22.92828 0, -43.5504 -22.92836 0, -43.55041 -22.92843 0, -43.55042 -22.92853 0, -43.55042 -22.92855 0, -43.55042 -22.9286 0, -43.55042 -22.92865 0, -43.55042 -22.92878 0, -43.55042 -22.92886 0, -43.55042 -22.92889 0, -43.55042 -22.92898 0, -43.55042 -22.92906 0, -43.55041 -22.92912 0, -43.5504 -22.92918 0, -43.55038 -22.92923 0, -43.5503 -22.92943 0, -43.5503 -22.92944 0, -43.55023 -22.92957 0, -43.55019 -22.92964 0, -43.55018 -22.92965 0, -43.55013 -22.92972 0, -43.55008 -22.92978 0, -43.55008 -22.92979 0, -43.55005 -22.92981 0, -43.54999 -22.92987 0, -43.54992 -22.92992 0, -43.54985 -22.92996 0, -43.54977 -22.93 0, -43.54956 -22.93013 0, -43.54946 -22.9302 0, -43.54942 -22.93023 0, -43.5494 -22.93026 0, -43.54939 -22.93027 0, -43.54929 -22.93037 0, -43.54915 -22.9305 0, -43.54912 -22.93053 0, -43.5491 -22.93054 0, -43.54909 -22.93055 0, -43.54906 -22.93057 0, -43.54895 -22.93061 0, -43.54883 -22.93064 0, -43.54869 -22.93066 0, -43.54854 -22.93068 0, -43.54842 -22.93069 0, -43.54836 -22.9307 0, -43.54835 -22.9307 0, -43.54831 -22.9307 0, -43.54826 -22.93071 0, -43.54804 -22.93069 0, -43.54785 -22.93066 0, -43.54776 -22.93065 0, -43.54739 -22.93058 0, -43.54695 -22.93052 0, -43.54668 -22.93047 0, -43.5466 -22.93045 0, -43.54648 -22.93042 0, -43.54635 -22.93039 0, -43.54622 -22.93035 0, -43.54621 -22.93035 0, -43.5461 -22.93032 0, -43.54601 -22.93029 0, -43.54593 -22.93026 0, -43.54582 -22.93021 0, -43.54566 -22.93011 0, -43.5456 -22.93006 0, -43.5454 -22.92991 0, -43.54526 -22.92981 0, -43.54522 -22.92976 0, -43.54517 -22.92972 0, -43.54512 -22.92965 0, -43.5451 -22.92962 0, -43.54508 -22.92959 0, -43.54506 -22.92955 0, -43.54504 -22.92951 0, -43.545 -22.92942 0, -43.54496 -22.92929 0, -43.54494 -22.92923 0, -43.54493 -22.9292 0, -43.54492 -22.92914 0, -43.54491 -22.92909 0, -43.54491 -22.92902 0, -43.54491 -22.92896 0, -43.5449 -22.92886 0, -43.54489 -22.92878 0, -43.54489 -22.92873 0, -43.54487 -22.92871 0, -43.54486 -22.92865 0, -43.54484 -22.9286 0, -43.54482 -22.92856 0, -43.54479 -22.92853 0, -43.54474 -22.92848 0, -43.54461 -22.92833 0, -43.54453 -22.92826 0, -43.54449 -22.92821 0, -43.54444 -22.92817 0, -43.54441 -22.92815 0, -43.54438 -22.92814 0, -43.54435 -22.92812 0, -43.54431 -22.92811 0, -43.54423 -22.9281 0, -43.54415 -22.9281 0, -43.54409 -22.9281 0, -43.54403 -22.92811 0, -43.54397 -22.92812 0, -43.54385 -22.92815 0, -43.54362 -22.92825 0, -43.54356 -22.92828 0, -43.54353 -22.92829 0, -43.54345 -22.92831 0, -43.54341 -22.92831 0, -43.54337 -22.92832 0, -43.54334 -22.92832 0, -43.5433 -22.92832 0, -43.54323 -22.92832 0, -43.54319 -22.92831 0, -43.54316 -22.9283 0, -43.54309 -22.92829 0, -43.54289 -22.92826 0, -43.5428 -22.92825 0, -43.54269 -22.92825 0, -43.54263 -22.92826 0, -43.54256 -22.92827 0, -43.54253 -22.92828 0, -43.54246 -22.92831 0, -43.54237 -22.92836 0, -43.54236 -22.92836 0, -43.54215 -22.92848 0, -43.542 -22.92857 0, -43.54193 -22.9286 0, -43.54186 -22.92862 0, -43.54185 -22.92862 0, -43.54177 -22.92863 0, -43.54173 -22.92863 0, -43.54172 -22.92863 0, -43.54169 -22.92864 0, -43.54165 -22.92865 0, -43.5416 -22.92867 0, -43.54146 -22.92872 0, -43.54134 -22.92877 0, -43.54124 -22.92881 0, -43.54119 -22.92884 0, -43.54111 -22.92888 0, -43.54107 -22.9289 0, -43.54103 -22.92891 0, -43.54099 -22.92893 0, -43.54096 -22.92894 0, -43.54093 -22.92895 0, -43.54089 -22.92896 0, -43.54087 -22.92896 0, -43.54086 -22.92896 0, -43.54083 -22.92896 0, -43.54078 -22.92896 0, -43.5405 -22.92894 0, -43.54035 -22.92893 0, -43.54031 -22.92893 0, -43.54028 -22.92893 0, -43.54025 -22.92894 0, -43.54022 -22.92894 0, -43.54019 -22.92895 0, -43.54008 -22.929 0, -43.53991 -22.92909 0, -43.5396 -22.92925 0, -43.53957 -22.92927 0, -43.53956 -22.92927 0, -43.5394 -22.92935 0, -43.53931 -22.92939 0, -43.53922 -22.92943 0, -43.5391 -22.92949 0, -43.53905 -22.92951 0, -43.53899 -22.92953 0, -43.53886 -22.92957 0, -43.53882 -22.92958 0, -43.53868 -22.92962 0, -43.53865 -22.92963 0, -43.53851 -22.92965 0, -43.53845 -22.92967 0, -43.53838 -22.92968 0, -43.53832 -22.92969 0, -43.53829 -22.92969 0, -43.53828 -22.92969 0, -43.53823 -22.92969 0, -43.53816 -22.92969 0, -43.53808 -22.92968 0, -43.53802 -22.92968 0, -43.53796 -22.92966 0, -43.53791 -22.92964 0, -43.5379 -22.92964 0, -43.53787 -22.92963 0, -43.53772 -22.92958 0, -43.53751 -22.9295 0, -43.53739 -22.92946 0, -43.53711 -22.9294 0, -43.53667 -22.92932 0, -43.53591 -22.92917 0, -43.5356 -22.9291 0, -43.53504 -22.92896 0, -43.53474 -22.92887 0, -43.53447 -22.92879 0, -43.53426 -22.92872 0, -43.53412 -22.92869 0, -43.53354 -22.92851 0, -43.53332 -22.92845 0, -43.53329 -22.92844 0, -43.53327 -22.92844 0, -43.53318 -22.92842 0, -43.53305 -22.92838 0, -43.53296 -22.92836 0, -43.53285 -22.92834 0, -43.53274 -22.92832 0, -43.53266 -22.92831 0, -43.53258 -22.92831 0, -43.53249 -22.92832 0, -43.53236 -22.92833 0, -43.53226 -22.92836 0, -43.53213 -22.92838 0, -43.53204 -22.92839 0, -43.53196 -22.92839 0, -43.53192 -22.92839 0, -43.53191 -22.92839 0, -43.53184 -22.92838 0, -43.53177 -22.92837 0, -43.53169 -22.92835 0, -43.53162 -22.92832 0, -43.53156 -22.92829 0, -43.5315 -22.92825 0, -43.53145 -22.92821 0, -43.53144 -22.9282 0, -43.53141 -22.92816 0, -43.53135 -22.92809 0, -43.53128 -22.928 0, -43.53123 -22.92792 0, -43.53114 -22.92778 0, -43.53107 -22.92767 0, -43.53097 -22.92749 0, -43.53088 -22.92733 0, -43.53083 -22.92722 0, -43.53073 -22.92708 0, -43.53063 -22.92691 0, -43.53055 -22.92679 0, -43.53053 -22.92676 0, -43.53048 -22.92668 0, -43.53042 -22.92661 0, -43.53039 -22.92658 0, -43.53037 -22.92656 0, -43.53035 -22.92654 0, -43.53033 -22.92652 0, -43.5303 -22.9265 0, -43.53028 -22.92649 0, -43.53025 -22.92647 0, -43.53022 -22.92646 0, -43.53019 -22.92644 0, -43.53009 -22.92641 0, -43.52992 -22.92637 0, -43.52975 -22.92631 0, -43.52956 -22.92627 0, -43.52947 -22.92624 0, -43.52938 -22.92622 0, -43.52922 -22.92617 0, -43.5291 -22.92614 0, -43.52905 -22.92613 0, -43.52898 -22.92611 0, -43.52887 -22.92608 0, -43.52877 -22.92605 0, -43.52867 -22.926 0, -43.52859 -22.92596 0, -43.52853 -22.92592 0, -43.52847 -22.92589 0, -43.5284 -22.92583 0, -43.52833 -22.92576 0, -43.52829 -22.92573 0, -43.52827 -22.9257 0, -43.52824 -22.92567 0, -43.52824 -22.92566 0, -43.52822 -22.92564 0, -43.52821 -22.92561 0, -43.5282 -22.92557 0, -43.52819 -22.92553 0, -43.52818 -22.92545 0, -43.52818 -22.92542 0, -43.52818 -22.92538 0, -43.52818 -22.92536 0, -43.52819 -22.92529 0, -43.52821 -22.92518 0, -43.52821 -22.92516 0, -43.52821 -22.92511 0, -43.52821 -22.92506 0, -43.5282 -22.925 0, -43.52818 -22.92497 0, -43.52816 -22.92493 0, -43.52811 -22.9249 0, -43.52807 -22.92487 0, -43.52801 -22.92484 0, -43.52775 -22.92472 0, -43.52769 -22.92469 0, -43.52766 -22.92467 0, -43.52763 -22.92464 0, -43.52762 -22.92463 0, -43.52758 -22.92457 0, -43.52755 -22.92451 0, -43.52752 -22.92443 0, -43.52749 -22.92434 0, -43.52748 -22.92426 0, -43.52747 -22.92419 0, -43.52745 -22.92411 0, -43.52741 -22.92395 0, -43.52738 -22.92388 0, -43.52735 -22.92379 0, -43.52732 -22.92371 0, -43.52729 -22.92364 0, -43.52724 -22.92353 0, -43.52717 -22.92338 0, -43.52692 -22.92294 0, -43.5269 -22.92291 0, -43.52679 -22.92272 0, -43.52676 -22.92264 0, -43.52673 -22.92257 0, -43.52667 -22.92243 0, -43.52656 -22.92247 0, -43.52651 -22.92249 0, -43.52645 -22.92251 0, -43.52638 -22.92253 0, -43.52632 -22.92255 0, -43.52623 -22.92257 0, -43.52619 -22.92258 0, -43.52599 -22.92261 0, -43.52591 -22.92261 0, -43.52575 -22.92262 0, -43.52561 -22.92263 0, -43.52558 -22.92263 0, -43.52549 -22.92264 0, -43.52536 -22.92265 0, -43.52528 -22.92267 0, -43.52518 -22.92269 0, -43.52512 -22.92271 0, -43.52509 -22.92273 0, -43.52505 -22.92276 0, -43.52501 -22.92279 0, -43.52496 -22.92283 0, -43.52491 -22.92287 0, -43.52482 -22.92293 0, -43.52478 -22.92297 0, -43.52449 -22.9232 0, -43.52446 -22.92322 0, -43.52436 -22.9233 0, -43.52425 -22.92338 0, -43.52424 -22.92339 0, -43.5241 -22.92348 0, -43.52379 -22.92361 0, -43.52366 -22.92367 0, -43.52315 -22.92388 0, -43.52289 -22.924 0, -43.5227 -22.92409 0, -43.52235 -22.92424 0, -43.52232 -22.92425 0, -43.52226 -22.92428 0, -43.52205 -22.92437 0, -43.52202 -22.92438 0, -43.52178 -22.92447 0, -43.52171 -22.92449 0, -43.52164 -22.92451 0, -43.52152 -22.92454 0, -43.52143 -22.92456 0, -43.52134 -22.92458 0, -43.52106 -22.92462 0, -43.521 -22.92463 0, -43.52098 -22.92463 0, -43.52089 -22.92464 0, -43.5208 -22.92466 0, -43.52061 -22.92469 0, -43.52057 -22.92469 0, -43.5204 -22.92472 0, -43.52019 -22.92475 0, -43.52018 -22.92475 0, -43.52012 -22.92476 0, -43.51974 -22.92482 0, -43.51963 -22.92484 0, -43.51958 -22.92485 0, -43.51954 -22.92486 0, -43.51951 -22.92487 0, -43.51946 -22.9249 0, -43.51933 -22.92495 0, -43.51926 -22.92502 0, -43.51922 -22.92505 0, -43.51919 -22.92508 0, -43.51915 -22.9251 0, -43.51895 -22.92522 0, -43.51882 -22.9253 0, -43.51873 -22.92536 0, -43.51868 -22.9254 0, -43.51863 -22.92544 0, -43.51861 -22.92545 0, -43.51857 -22.92547 0, -43.51852 -22.9255 0, -43.51841 -22.92556 0, -43.5185 -22.92584 0, -43.51854 -22.92597 0)"
"Park Shopping Campo Grande - Estrada do Monteiro - Campo Grande, Rio de Janeiro - RJ",,"POINT Z (-43.5739863 -22.928179 0)"
"Studio Joice Souza | Sobrancelhas - Rua Eudete José de Freitas - Campo Grande, Rio de Janeiro - RJ",,"POINT Z (-43.5185383 -22.9259722 0)"
"rota 5","true","LINESTRING Z (-43.57399 -22.92818 0, -43.57408 -22.92825 0, -43.57418 -22.92833 0, -43.57419 -22.92834 0, -43.5742 -22.92835 0, -43.57423 -22.92837 0, -43.57426 -22.92839 0, -43.57429 -22.9284 0, -43.57431 -22.9284 0, -43.57434 -22.92841 0, -43.57437 -22.92841 0, -43.57444 -22.92841 0, -43.57448 -22.92842 0, -43.57452 -22.92842 0, -43.57461 -22.92845 0, -43.57462 -22.92845 0, -43.57464 -22.92845 0, -43.57465 -22.92845 0, -43.57468 -22.92843 0, -43.57469 -22.92843 0, -43.5747 -22.92842 0, -43.57471 -22.92839 0, -43.57474 -22.92832 0, -43.57477 -22.92825 0, -43.5748 -22.92819 0, -43.57481 -22.92819 0, -43.57486 -22.92812 0, -43.57491 -22.92808 0, -43.57503 -22.92798 0, -43.57515 -22.92789 0, -43.57527 -22.92779 0, -43.57539 -22.92769 0, -43.57558 -22.9275 0, -43.57566 -22.92741 0, -43.57579 -22.92724 0, -43.57581 -22.92722 0, -43.57583 -22.92721 0, -43.57585 -22.92719 0, -43.57588 -22.92717 0, -43.57593 -22.92716 0, -43.57608 -22.92709 0, -43.57623 -22.92703 0, -43.57639 -22.92697 0, -43.57656 -22.92691 0, -43.57663 -22.92688 0, -43.57671 -22.92684 0, -43.57686 -22.92678 0, -43.57693 -22.92676 0, -43.57702 -22.92672 0, -43.57718 -22.92666 0, -43.57723 -22.92664 0, -43.57737 -22.9266 0, -43.57738 -22.92656 0, -43.57741 -22.92652 0, -43.57743 -22.92647 0, -43.57744 -22.92645 0, -43.57744 -22.92643 0, -43.57746 -22.92638 0, -43.57747 -22.92632 0, -43.57747 -22.92629 0, -43.57746 -22.92626 0, -43.57746 -22.92624 0, -43.57745 -22.92621 0, -43.57743 -22.92618 0, -43.57738 -22.92613 0, -43.57731 -22.92607 0, -43.57725 -22.92604 0, -43.5772 -22.92603 0, -43.57716 -22.92602 0, -43.57712 -22.92601 0, -43.57689 -22.9255 0, -43.57693 -22.92548 0, -43.57695 -22.92548 0, -43.57698 -22.92547 0, -43.577 -22.92546 0, -43.57703 -22.92546 0, -43.57711 -22.92545 0, -43.57719 -22.92544 0, -43.57716 -22.92536 0, -43.57702 -22.92504 0, -43.5768 -22.92456 0, -43.57672 -22.9244 0, -43.57629 -22.92458 0, -43.57615 -22.92464 0, -43.5761 -22.92465 0, -43.57608 -22.92466 0, -43.57606 -22.92465 0, -43.57603 -22.92465 0, -43.57601 -22.92463 0, -43.57574 -22.92444 0, -43.57561 -22.92434 0, -43.57547 -22.92423 0, -43.57507 -22.92467 0, -43.57477 -22.92498 0, -43.57448 -22.92526 0, -43.57421 -22.92555 0, -43.57421 -22.92556 0, -43.57358 -22.92624 0, -43.57344 -22.92638 0, -43.57325 -22.92658 0, -43.57298 -22.92686 0, -43.57283 -22.92702 0, -43.57275 -22.92711 0, -43.57254 -22.92732 0, -43.57245 -22.92739 0, -43.57241 -22.92739 0, -43.57238 -22.92738 0, -43.57236 -22.92738 0, -43.57233 -22.92738 0, -43.57172 -22.92649 0, -43.57167 -22.92642 0, -43.57161 -22.92634 0, -43.57139 -22.926 0, -43.57132 -22.92591 0, -43.57123 -22.92579 0, -43.57117 -22.92572 0, -43.57109 -22.92564 0, -43.57093 -22.92551 0, -43.57081 -22.92543 0, -43.57055 -22.92527 0, -43.5703 -22.92512 0, -43.57016 -22.92503 0, -43.56987 -22.92486 0, -43.56944 -22.92461 0, -43.56901 -22.92434 0, -43.56882 -22.92422 0, -43.56867 -22.92413 0, -43.56856 -22.92406 0, -43.56847 -22.92401 0, -43.56835 -22.92397 0, -43.56831 -22.92396 0, -43.56827 -22.92395 0, -43.56823 -22.92394 0, -43.56806 -22.92392 0, -43.56777 -22.92387 0, -43.5677 -22.92385 0, -43.56753 -22.92381 0, -43.56733 -22.92375 0, -43.56712 -22.9237 0, -43.56679 -22.92361 0, -43.56672 -22.92359 0, -43.56669 -22.92358 0, -43.56654 -22.92353 0, -43.56647 -22.9235 0, -43.56645 -22.92349 0, -43.56632 -22.92345 0, -43.56621 -22.9234 0, -43.56615 -22.92338 0, -43.56611 -22.92336 0, -43.56597 -22.92331 0, -43.56586 -22.92327 0, -43.5657 -22.92322 0, -43.56552 -22.92315 0, -43.56549 -22.92314 0, -43.56529 -22.92306 0, -43.56524 -22.92304 0, -43.56519 -22.92302 0, -43.56512 -22.92299 0, -43.56507 -22.92296 0, -43.565 -22.92291 0, -43.56494 -22.92287 0, -43.56489 -22.92283 0, -43.56486 -22.92281 0, -43.56483 -22.92278 0, -43.56477 -22.92273 0, -43.5647 -22.92268 0, -43.56467 -22.92264 0, -43.56464 -22.92261 0, -43.56459 -22.92255 0, -43.56445 -22.9224 0, -43.56437 -22.92231 0, -43.5642 -22.92212 0, -43.56415 -22.92206 0, -43.56412 -22.92203 0, -43.56409 -22.922 0, -43.56406 -22.92198 0, -43.56403 -22.92196 0, -43.56401 -22.92194 0, -43.56389 -22.92184 0, -43.5637 -22.92168 0, -43.56365 -22.92163 0, -43.56358 -22.92156 0, -43.56344 -22.92144 0, -43.56339 -22.9214 0, -43.56335 -22.92136 0, -43.56331 -22.92132 0, -43.56329 -22.92129 0, -43.56328 -22.92127 0, -43.56326 -22.92123 0, -43.56321 -22.92116 0, -43.56319 -22.92111 0, -43.56318 -22.92108 0, -43.56317 -22.92104 0, -43.56316 -22.92099 0, -43.56314 -22.92088 0, -43.56289 -22.92063 0, -43.56277 -22.92052 0, -43.56273 -22.92048 0, -43.56267 -22.92044 0, -43.56264 -22.92042 0, -43.56257 -22.92038 0, -43.56245 -22.92033 0, -43.56235 -22.9203 0, -43.56207 -22.9202 0, -43.56195 -22.92016 0, -43.56184 -22.92009 0, -43.56178 -22.92005 0, -43.56171 -22.92 0, -43.56161 -22.91989 0, -43.56154 -22.9198 0, -43.56145 -22.91968 0, -43.56135 -22.91953 0, -43.56129 -22.91944 0, -43.5612 -22.91926 0, -43.56118 -22.91921 0, -43.56115 -22.91915 0, -43.56113 -22.91909 0, -43.5611 -22.91903 0, -43.56107 -22.91894 0, -43.56105 -22.91887 0, -43.56098 -22.9187 0, -43.56095 -22.91859 0, -43.56089 -22.91843 0, -43.56086 -22.91832 0, -43.56076 -22.91804 0, -43.56072 -22.91794 0, -43.56069 -22.91786 0, -43.56067 -22.91782 0, -43.56051 -22.91748 0, -43.56045 -22.91736 0, -43.56033 -22.91712 0, -43.5602 -22.91688 0, -43.56006 -22.91667 0, -43.55994 -22.9165 0, -43.55987 -22.91639 0, -43.55977 -22.91625 0, -43.55955 -22.91598 0, -43.55938 -22.91576 0, -43.55917 -22.91555 0, -43.55906 -22.91545 0, -43.55876 -22.91517 0, -43.55867 -22.91508 0, -43.55858 -22.91499 0, -43.55842 -22.91486 0, -43.55833 -22.91479 0, -43.55827 -22.91475 0, -43.55801 -22.91458 0, -43.55776 -22.91442 0, -43.55769 -22.91439 0, -43.55759 -22.91433 0, -43.55756 -22.91431 0, -43.55744 -22.91426 0, -43.55734 -22.91422 0, -43.55721 -22.91417 0, -43.55707 -22.91412 0, -43.55702 -22.9141 0, -43.55671 -22.914 0, -43.55661 -22.91397 0, -43.55646 -22.91394 0, -43.55629 -22.9139 0, -43.55595 -22.91384 0, -43.55558 -22.91377 0, -43.5555 -22.91376 0, -43.5554 -22.91373 0, -43.55506 -22.91376 0, -43.555 -22.9138 0, -43.55467 -22.914 0, -43.55453 -22.91409 0, -43.55445 -22.91414 0, -43.55442 -22.91417 0, -43.55437 -22.91422 0, -43.55434 -22.91426 0, -43.55429 -22.9143 0, -43.55394 -22.91474 0, -43.55374 -22.91496 0, -43.55369 -22.915 0, -43.55365 -22.91504 0, -43.55363 -22.91504 0, -43.55354 -22.9151 0, -43.55345 -22.91513 0, -43.5534 -22.91515 0, -43.55334 -22.91516 0, -43.55328 -22.91517 0, -43.55319 -22.91518 0, -43.55311 -22.91517 0, -43.55304 -22.91517 0, -43.55298 -22.91516 0, -43.55292 -22.91514 0, -43.55283 -22.91511 0, -43.55274 -22.91507 0, -43.55269 -22.91504 0, -43.55263 -22.915 0, -43.5525 -22.91488 0, -43.55235 -22.91473 0, -43.5523 -22.91468 0, -43.55217 -22.91453 0, -43.55214 -22.91451 0, -43.55205 -22.91441 0, -43.55198 -22.91436 0, -43.5519 -22.91432 0, -43.55184 -22.91428 0, -43.55183 -22.91428 0, -43.55178 -22.91427 0, -43.55169 -22.91425 0, -43.55161 -22.91424 0, -43.55151 -22.91424 0, -43.55142 -22.91425 0, -43.55128 -22.91426 0, -43.5511 -22.91429 0, -43.55077 -22.91434 0, -43.55036 -22.91439 0, -43.55011 -22.91442 0, -43.55008 -22.91443 0, -43.54997 -22.91443 0, -43.54988 -22.91443 0, -43.5498 -22.91443 0, -43.54972 -22.91442 0, -43.54963 -22.91442 0, -43.54942 -22.91439 0, -43.5493 -22.91437 0, -43.54877 -22.91429 0, -43.54847 -22.91423 0, -43.54832 -22.91418 0, -43.54826 -22.91416 0, -43.5482 -22.91413 0, -43.54759 -22.91387 0, -43.54679 -22.91355 0, -43.54627 -22.91333 0, -43.54552 -22.91301 0, -43.54529 -22.91291 0, -43.54527 -22.91291 0, -43.5451 -22.91284 0, -43.54494 -22.91278 0, -43.54483 -22.91274 0, -43.5448 -22.91273 0, -43.54477 -22.91272 0, -43.54475 -22.91272 0, -43.54472 -22.91272 0, -43.54469 -22.91272 0, -43.54461 -22.91273 0, -43.54446 -22.91281 0, -43.54435 -22.91286 0, -43.5443 -22.9129 0, -43.54383 -22.91322 0, -43.54362 -22.91334 0, -43.54304 -22.91368 0, -43.54294 -22.91375 0, -43.54283 -22.91384 0, -43.54265 -22.91396 0, -43.54257 -22.91401 0, -43.5425 -22.91405 0, -43.54238 -22.9141 0, -43.54212 -22.91423 0, -43.54192 -22.91434 0, -43.54185 -22.91438 0, -43.5418 -22.9144 0, -43.54176 -22.91443 0, -43.5417 -22.91447 0, -43.54165 -22.9145 0, -43.54161 -22.91453 0, -43.54157 -22.91455 0, -43.54154 -22.91458 0, -43.5415 -22.91461 0, -43.54145 -22.91467 0, -43.54141 -22.91472 0, -43.54132 -22.91479 0, -43.54125 -22.91489 0, -43.54098 -22.91526 0, -43.54089 -22.91537 0, -43.54078 -22.91551 0, -43.54073 -22.91556 0, -43.54072 -22.91557 0, -43.54065 -22.91564 0, -43.54052 -22.91575 0, -43.54039 -22.91585 0, -43.54028 -22.91592 0, -43.5402 -22.91596 0, -43.54013 -22.916 0, -43.54002 -22.91606 0, -43.53994 -22.91609 0, -43.53993 -22.9161 0, -43.53984 -22.91613 0, -43.53966 -22.91619 0, -43.53955 -22.91622 0, -43.53943 -22.91625 0, -43.53932 -22.91627 0, -43.53918 -22.91628 0, -43.53906 -22.91629 0, -43.53881 -22.91629 0, -43.53867 -22.9163 0, -43.53843 -22.91632 0, -43.5382 -22.91634 0, -43.53792 -22.91636 0, -43.5376 -22.91637 0, -43.53741 -22.91639 0, -43.53709 -22.9164 0, -43.53685 -22.91642 0, -43.53654 -22.91643 0, -43.5363 -22.91645 0, -43.536 -22.91646 0, -43.53474 -22.91654 0, -43.53453 -22.91655 0, -43.53414 -22.91669 0, -43.53406 -22.91671 0, -43.5338 -22.9168 0, -43.53353 -22.9169 0, -43.53337 -22.91696 0, -43.53325 -22.917 0, -43.53316 -22.91703 0, -43.53307 -22.91708 0, -43.53278 -22.91724 0, -43.53256 -22.91736 0, -43.53246 -22.91743 0, -43.53229 -22.91753 0, -43.53194 -22.91776 0, -43.53183 -22.91785 0, -43.53178 -22.91788 0, -43.53174 -22.91784 0, -43.53169 -22.91781 0, -43.53165 -22.91779 0, -43.5316 -22.91776 0, -43.53126 -22.91764 0, -43.53115 -22.9176 0, -43.53083 -22.91748 0, -43.5303 -22.91729 0, -43.53023 -22.91727 0, -43.53008 -22.91722 0, -43.5299 -22.91717 0, -43.52984 -22.91715 0, -43.52976 -22.91713 0, -43.52971 -22.91713 0, -43.52965 -22.91712 0, -43.52959 -22.91713 0, -43.52945 -22.91717 0, -43.52937 -22.9172 0, -43.52931 -22.91722 0, -43.52923 -22.91724 0, -43.52909 -22.91727 0, -43.52901 -22.91729 0, -43.52891 -22.9173 0, -43.52879 -22.91729 0, -43.5287 -22.91727 0, -43.52869 -22.91727 0, -43.52851 -22.91722 0, -43.52848 -22.91721 0, -43.52844 -22.9172 0, -43.52829 -22.91713 0, -43.52813 -22.91706 0, -43.52793 -22.917 0, -43.52787 -22.91698 0, -43.5278 -22.91696 0, -43.52777 -22.91696 0, -43.52771 -22.91696 0, -43.52766 -22.91696 0, -43.52754 -22.91698 0, -43.52749 -22.917 0, -43.52744 -22.91702 0, -43.52724 -22.91712 0, -43.52713 -22.91718 0, -43.52704 -22.91724 0, -43.52702 -22.91726 0, -43.52684 -22.91738 0, -43.52675 -22.91743 0, -43.52658 -22.91754 0, -43.52639 -22.91763 0, -43.52619 -22.91772 0, -43.52565 -22.918 0, -43.52548 -22.91806 0, -43.52544 -22.91808 0, -43.5254 -22.91808 0, -43.52531 -22.91809 0, -43.52527 -22.91809 0, -43.52519 -22.91807 0, -43.52515 -22.91805 0, -43.52512 -22.91803 0, -43.5251 -22.91801 0, -43.52489 -22.91784 0, -43.5247 -22.91769 0, -43.52469 -22.91768 0, -43.52456 -22.91758 0, -43.52441 -22.91748 0, -43.52423 -22.91736 0, -43.5241 -22.91727 0, -43.52407 -22.91725 0, -43.52404 -22.91723 0, -43.52399 -22.91719 0, -43.52391 -22.91714 0, -43.52382 -22.91707 0, -43.52369 -22.91699 0, -43.52344 -22.91683 0, -43.52323 -22.91675 0, -43.52303 -22.91668 0, -43.52298 -22.91667 0, -43.52251 -22.91654 0, -43.52236 -22.9165 0, -43.52229 -22.91648 0, -43.52223 -22.91645 0, -43.5222 -22.91644 0, -43.52206 -22.91638 0, -43.52177 -22.91625 0, -43.5216 -22.91618 0, -43.5212 -22.91724 0)"
"Park Shopping Campo Grande - Estrada do Monteiro - Campo Grande, Rio de Janeiro - RJ",,"POINT Z (-43.5739863 -22.928179 0)"
"Pizzaria Dos Brinquedos - Campo Grande, Rio de Janeiro - RJ",,"POINT Z (-43.5211965 -22.9172375 0)"
